Review Number,Whisky,Date,Number of Reviewers,Raw,,,,,Without Highest and Lowest,,,,Raw Review Link,Raw Word Cloud,Review Link,Word Cloud
,,,,Average,Median,Max,Min,Range,Average,Max,Min,Range,,,,
1,Glenlivet 12 year,Dec 2011,11,72.4,72,83,59,24,72.7,80,60,20,http://www.reddit.com/r/Scotch/comments/mvlv3/rscotch_community_review_number_1_glenlivet_12/,http://i.imgur.com/ZYL6l8h.png?1,http://www.reddit.com/r/Scotch/comments/mvlv3/rscotch_community_review_number_1_glenlivet_12/,http://i.imgur.com/ZYL6l8h.png?1
2,Macallan 12 year,Jan 2012,15,84.1,85,94,70,24,84.4,90,79,11,http://www.reddit.com/r/Scotch/comments/o1zv6/community_review_2_the_macallan_12_year_old/,http://i.imgur.com/qnKAhT6.png?1,http://www.reddit.com/r/Scotch/comments/o1zv6/community_review_2_the_macallan_12_year_old/,http://i.imgur.com/qnKAhT6.png?1
3,Highland Park 12,Feb 2012,32,83,85,94,50,44,83.7,94,61,33,http://www.reddit.com/r/Scotch/comments/pekis/community_review_3_highland_park_12_year,http://i.imgur.com/Sz3a1nq.png?1,http://www.reddit.com/r/Scotch/comments/pekis/community_review_3_highland_park_12_year,http://i.imgur.com/Sz3a1nq.png?1
4,Laphroaig 10,Mar 2012,26,82.7,88.5,97,1,96,85.5,97,60,37,http://www.reddit.com/r/Scotch/comments/qctib/community_review_4_laphroaig_10/,,http://www.reddit.com/r/Scotch/comments/qctib/community_review_4_laphroaig_10/,
5,Balvenie DoubleWood,Apr 2012,23,79.9,82,89,60,29,80.4,88,70,18,http://www.reddit.com/r/Scotch/comments/rpcgy/community_review_5_the_balvenie_12_year_double/,,http://www.reddit.com/r/Scotch/comments/rpcgy/community_review_5_the_balvenie_12_year_double/,
6,Glenmorangie 10,May 2012,14,82,82.5,92,75,17,81.8,88,75,13,http://www.reddit.com/r/Scotch/comments/t1egf/community_review_6_glenmorangie_10_yr_old_the/,,http://www.reddit.com/r/Scotch/comments/t1egf/community_review_6_glenmorangie_10_yr_old_the/,
7,Talisker 10,Jun 2012,16,87.4,89,97,44,53,89.9,97,81,16,http://www.reddit.com/r/Scotch/comments/uevy2/talisker_10_community_review/,http://i.imgur.com/CF78j9Z.png?1,http://www.reddit.com/r/Scotch/comments/uevy2/talisker_10_community_review/,http://i.imgur.com/CF78j9Z.png?1
8,Auchentoshan 12,Jul 2012,12,79,80,85,70,15,79.3,84,73,11,http://www.reddit.com/r/Scotch/comments/vxle8/auchentoshan_12_community_review/,,http://www.reddit.com/r/Scotch/comments/vxle8/auchentoshan_12_community_review/,
9,Lagavulin 16,Aug 2012,20,84.7,90,96,1,95,88.7,95,80,15,http://www.reddit.com/r/Scotch/comments/xi368/community_review_9_lagavulin_16/,,http://www.reddit.com/r/Scotch/comments/xi368/community_review_9_lagavulin_16/,
10,Springbank 10,Sep 2012,14,86,86,90,80,10,86.2,89,80,9,http://www.reddit.com/r/Scotch/comments/zc3a3/community_review_10_springbank_10/,,http://www.reddit.com/r/Scotch/comments/zc3a3/community_review_10_springbank_10/,
11,The Laddie 10,Oct 2012,24,87,87,92,80,12,87,92,80,12,http://www.reddit.com/r/Scotch/comments/10rbnw/the_laddie_10_a_community_review/,,http://www.reddit.com/r/Scotch/comments/10rbnw/the_laddie_10_a_community_review/,
12,The Yamazaki 12,Nov 2012,28,81.9,83.5,92,65,27,82.2,90,68,22,http://www.reddit.com/r/Scotch/comments/12gboy/community_review_11_the_yamazaki_12_also_the_last/,http://i.imgur.com/pKbnVAM.png?1,http://www.reddit.com/r/Scotch/comments/12gboy/community_review_11_the_yamazaki_12_also_the_last/,http://i.imgur.com/pKbnVAM.png?1
13,Ballantine's 12,Dec 2012,7,82,84,86,75,11,82.6,85,80,5,http://www.reddit.com/r/Scotch/comments/1476km/community_review_13_ballantines_12_year/,http://i.imgur.com/TIGma.png,http://www.reddit.com/r/Scotch/comments/1476km/community_review_13_ballantines_12_year/,http://i.imgur.com/TIGma.png
14,Aberlour a'bunadh,Jan 2013,41,90.2,91,96,76,20,90.4,94,78,16,http://www.reddit.com/r/Scotch/comments/15trsb/aberlour_abunadh_community_review/,http://i.imgur.com/W1sgU.png?1,http://www.reddit.com/r/Scotch/comments/15trsb/aberlour_abunadh_community_review/,http://i.imgur.com/W1sgU.png?1
15,Bunnahabhain 12,Feb 2013,35,84.4,86,92,50,42,85.2,92,69,23,http://www.reddit.com/r/Scotch/comments/17xe9w/community_review_bunnahabhain_12/,http://i.imgur.com/N8VaZKJ.png?1,http://www.reddit.com/r/Scotch/comments/17xe9w/community_review_bunnahabhain_12/,http://i.imgur.com/N8VaZKJ.png?1
16,Old Pulteney 12,Mar 2013,40,83.3,85,90,65,25,83.6,88,70,18,http://www.reddit.com/r/Scotch/comments/19p98x/community_review_16_old_pulteney_12_please_note/,http://i.imgur.com/jgisRPG.png?1,http://www.reddit.com/r/Scotch/comments/19p98x/community_review_16_old_pulteney_12_please_note/,http://i.imgur.com/jgisRPG.png?1
17,Ardbeg Uigeadail,Apr 2013,32,93.4,95,97,85,12,93.5,97,87,10,http://www.reddit.com/r/Scotch/comments/1bl03s/community_review_17_ardbeg_uigeadail/,http://i.imgur.com/AuquffD.png?1,http://www.reddit.com/r/Scotch/comments/1bl03s/community_review_17_ardbeg_uigeadail/,http://i.imgur.com/AuquffD.png?1
18,Glenfiddich 12,May 2013,37,78.3,79.5,87,62,25,78.5,86,68,18,http://www.reddit.com/r/Scotch/comments/1dsec6/community_review_glenfiddich_12/,http://i.imgur.com/gMnClQy.jpg,http://www.reddit.com/r/Scotch/comments/1dsec6/community_review_glenfiddich_12/,http://i.imgur.com/gMnClQy.jpg
19,Caol Ila 12,Jun 2013,31,85,88,94,41,53,86.2,93,72,21,http://www.reddit.com/r/Scotch/comments/1fs6yp/community_review_19_caol_ila_12/,http://i.imgur.com/tnlYpcd.png,http://www.reddit.com/r/Scotch/comments/1fs6yp/community_review_19_caol_ila_12/,http://i.imgur.com/tnlYpcd.png
20,Balvenie Caribbean,Jul 2013,23,84.5,86,90,70,20,84.9,90,77,13,http://www.reddit.com/r/Scotch/comments/1hv0dd/community_review_20_balvenie_caribbean_cask_14/,http://i.imgur.com/prQB9vy.png,http://www.reddit.com/r/Scotch/comments/1hv0dd/community_review_20_balvenie_caribbean_cask_14/,http://i.imgur.com/prQB9vy.png
21,Johnnie Walker Red,Aug 2013,33,47.2,52,80,0,80,47.6,71,1,70,http://www.reddit.com/r/Scotch/comments/1jqezk/community_review_johnnie_walker_red/,http://i.imgur.com/JuavARN.png?1,http://www.reddit.com/r/Scotch/comments/1jqezk/community_review_johnnie_walker_red/,http://i.imgur.com/JuavARN.png?1
22,Laphroaig QC,Sep 2013,38,89.5,90,98,79,19,89.6,96,82,14,http://www.reddit.com/r/Scotch/comments/1lpiss/community_review_laphroaig_quarter_cask/,http://i.imgur.com/rFVAYbo.png?1,http://www.reddit.com/r/Scotch/comments/1lpiss/community_review_laphroaig_quarter_cask/,http://i.imgur.com/rFVAYbo.png?1
23,Glenfarclas 12,Oct 2013,22,86.7,87,92,80,12,86.7,91,80,11,http://www.reddit.com/r/Scotch/comments/1nzwdh/glenfarclas_12_community_review/,http://i.imgur.com/3BISpdZ.png?1,http://www.reddit.com/r/Scotch/comments/1nzwdh/glenfarclas_12_community_review/,http://i.imgur.com/3BISpdZ.png?1
24,Quinta Ruban,Nov 2013,32,84.8,86,93,75,18,84.9,92,75,17,http://www.reddit.com/r/Scotch/comments/1py1rf/glenmorangie_the_quinta_ruban_community_review_24/,http://i.imgur.com/uuatrnN.png?1,http://www.reddit.com/r/Scotch/comments/1py1rf/glenmorangie_the_quinta_ruban_community_review_24/,http://i.imgur.com/uuatrnN.png?1
25,Balvenie 15 SB,Dec 2013,27,88.1,88,94,68,26,88.7,94,84,10,http://www.reddit.com/r/Scotch/comments/1s5v3v/community_review_25_the_balvenie_15_single_barrel/,http://i.imgur.com/MHHGLFY.png?1,http://www.reddit.com/r/Scotch/comments/1s5v3v/community_review_25_the_balvenie_15_single_barrel/,http://i.imgur.com/MHHGLFY.png?1
26,GlenDronach 12,Jan 2014,14,82.8,85,90,66,24,83.6,89,70,19,http://www.reddit.com/r/Scotch/comments/1umcv8/glendronach_12_community_review/,http://i.imgur.com/HB3AzQe.jpg,http://www.reddit.com/r/Scotch/comments/1umcv8/glendronach_12_community_review/,http://i.imgur.com/HB3AzQe.jpg
27,Kilchoman Machir Bay,Feb 2014,25,87.2,87,94,76,18,87.3,93,80,13,http://www.reddit.com/r/Scotch/comments/1wz9ez/community_review_27_kilchoman_machir_bay/,http://i.imgur.com/y1PeqpG.jpg,http://www.reddit.com/r/Scotch/comments/1wz9ez/community_review_27_kilchoman_machir_bay/,http://i.imgur.com/y1PeqpG.jpg
28a,Aberlour a'bunadh,Mar 2014,23,89.7,90.5,96,73,23,90.2,95,82,13,http://www.reddit.com/r/Scotch/comments/1zmc5p/community_review_28b_aberlour_abunadh/,http://i.imgur.com/qqH7j6Y.png?1,http://www.reddit.com/r/Scotch/comments/1zmc5p/community_review_28b_aberlour_abunadh/,http://i.imgur.com/qqH7j6Y.png?1
28b,Ardbeg Uigeadail,Mar 2014,24,92.3,93,98,83,15,92.4,98,85,13,http://www.reddit.com/r/Scotch/comments/1zmc20/community_review_28a_ardbeg_uigeadail/,http://i.imgur.com/sf0jZCq.png?5,http://www.reddit.com/r/Scotch/comments/1zmc20/community_review_28a_ardbeg_uigeadail/,http://i.imgur.com/sf0jZCq.png?5
29,Aberlour 12 NCF,Apr 2014,10,86.1,91,94,65,29,87.8,93,74,19,http://www.reddit.com/r/Scotch/comments/223fdv/community_review_29_aberlour_12_non_chillfiltered/,http://i.imgur.com/1vV4piz.jpg,http://www.reddit.com/r/Scotch/comments/223fdv/community_review_29_aberlour_12_non_chillfiltered/,http://i.imgur.com/1vV4piz.jpg
30,Glenlivet Nadurra,May 2014,23,84.3,86,93,64,29,84.8,92,73,19,http://www.reddit.com/r/Scotch/comments/24usp3/community_review_30_glenlivet_nadurra/,http://i.imgur.com/DNRH7CC.jpg,http://www.reddit.com/r/Scotch/comments/24usp3/community_review_30_glenlivet_nadurra/,http://i.imgur.com/DNRH7CC.jpg
31,Glenfarclas 105,June 2014,15,88.3,89,95,72,23,89.1,93,82,11,http://www.reddit.com/r/Scotch/comments/277a2p/community_review_31_glenfarclas_105/,http://i.imgur.com/JcVbZim.jpg,http://www.reddit.com/r/Scotch/comments/277a2p/community_review_31_glenfarclas_105/,http://i.imgur.com/JcVbZim.jpg
32,anCnoc 12,Jul 2014,15,82.5,83,88,71,17,82.9,88,76,12,http://www.reddit.com/r/Scotch/comments/29w4rc/community_review_12_ancnoc_12/,http://i.imgur.com/xY8zypz.png?1,http://www.reddit.com/r/Scotch/comments/29w4rc/community_review_12_ancnoc_12/,http://i.imgur.com/xY8zypz.png?1
33,Auchentoshan 3-Wood,Aug 2014,15,85.3,85,91,80,11,85.3,89,81,8,http://www.reddit.com/r/Scotch/comments/2cogc9/community_review_33_auchentoshan_three_wood/,http://imgur.com/Z33JvW7,http://www.reddit.com/r/Scotch/comments/2cogc9/community_review_33_auchentoshan_three_wood/,http://imgur.com/Z33JvW7
34,GlenGarioch Founder's Reserve,Sep 2014,12,84.3,83.5,91,75,16,84.6,90,79,11,http://www.reddit.com/r/Scotch/comments/2f91kw/community_review_34_glengarioch_founders_reserve/,http://imgur.com/l715guV,http://www.reddit.com/r/Scotch/comments/2f91kw/community_review_34_glengarioch_founders_reserve/,http://imgur.com/l715guV
35,Monkey Shoulder,Oct 2014,11,75.4,80,85,50,35,77.1,85,58,27,http://www.reddit.com/r/Scotch/comments/2ijyei/community_review_35_monkey_shoulder/,http://i.imgur.com/GL7zkKg.png?1,http://www.reddit.com/r/Scotch/comments/2ijyei/community_review_35_monkey_shoulder/,http://i.imgur.com/GL7zkKg.png?1
36,Johnnie Walker Black,Nov 2014,18,75.8,80,85,32,53,77.9,85,70,15,http://www.reddit.com/r/Scotch/comments/2l946x/community_review_36_johnnie_walker_black/,http://i.imgur.com/MFqfOvk.png?1,http://www.reddit.com/r/Scotch/comments/2l946x/community_review_36_johnnie_walker_black/,http://i.imgur.com/MFqfOvk.png?1
37,Ardbeg 10,Dec 2014,46,85.4,87,94,70,24,85.5,93,71,22,http://www.reddit.com/r/Scotch/comments/2o1n65/community_review_37_ardbeg_10/,http://i.imgur.com/avQuovZ.png?1,http://www.reddit.com/r/Scotch/comments/2o1n65/community_review_37_ardbeg_10/,http://i.imgur.com/avQuovZ.png?1
38,Oban 14,Jan 2015,21,79.9,81,89,60,29,80.4,88,70,18,http://www.reddit.com/r/Scotch/comments/2rifhn/community_review_38_oban_14/,http://i.imgur.com/KmjI1xe.png?1,http://www.reddit.com/r/Scotch/comments/2rifhn/community_review_38_oban_14/,http://i.imgur.com/KmjI1xe.png?1